method,macroF1_mean,macroF1_std,outer_folds
Hybrid,0.5546104104712435,0.0353346241162987,3
Deep (ResNet18),0.5357822054644602,0.020415085147050857,3
Classical (GLCM+LBP),0.4468173059972042,0.01001933540274632,3
